COUNTY_NAME,FIRE_NAME,fire_count
Alameda,"TRESTLE, DIABLO, TESLA, MIDWAY, TOP, PASS, FLYNN, EDEN, BIRD, SCU COMPLEX, CANYON, GRANT, BRUNS",18
Alpine,"COTTON, WASHINGTON, SUMMIT, SLINKARD, AIRPORT 2, MOKELUMNE, HENRY, GOLD, WHEATS, CALDOR, SLINK, IRENE, CLIFF, DONNELL, DUTCH, SILVER KING, EAST FORK, MCCORMICK, PAYNE, DIXON, TAMARACK",22
Amador,"BUTTE, LAMBERT FIRE, STONY, TONZI, COPPER FIRE, LAWRENCE, CAMANCHE, TIGER, SAND, CALDOR, MIDDLE, IRISH, HOYA, COAL, BELL, ELECTRA, WILLOW, GOOSE, SALT, WINTON, RANCHO",26
Butte,"GRIMY, STONEY, PALERMO, 60 B, 1-7, 5-6 CASCADE CREEK, CAMP, BIGGS, SKY, SHIPPEE, HONCUT, HIGHWAY, OPHIR, OREGON, CONCOW, SANDRA, PARK, ROCK2, BANGOR, CANFIELD, SANTOS, FLEA, 1-11, FOUR MILE, FOUR CORNERS, SUMMIT, GRAND, FRIEND-DARNELL, CHINO, FEATHER, CENTERVILLE, POWER, HUMBOLDT, HUNGARY, LUMPKIN, VALE, THIRTY TWO, LITTLE, DIXIE, JAN-DAR, WALL, BROWN, ELEPHANT, SADDLE, 2-28, FOX, HONEY, WEB, 1-8, PARHAM, SKYWAY, AVOCADO, FEATHER FALLS, JORDAN, SOUTH-FREY, 5-4 POTTERS, FORBESTOWN, NORTH COMPLEX, HURLETON, CLARK, DENIZ, TREE, BTU LIGHTNING COMPLEX, CHEROKEE, CRAIG, PONDEROSA, COAL, TEDDY, SCOTCH, BRANCH, CASCADE, NINETY-NINE, JUNES, RAIL, PINECREST, DARK, SWEDES, EVITA, LONE, SIMMONS, NELSON, OLIVE, GUNNISON, MERIDIAN, NINTEY NINE, CEDAR, GARDEN, LOVELOCK, RODY, 1-12",104
Calaveras,"BUTTE, WAVERLY, PARROTTS, RIATA, GOPHER, HUNTER, BURSON, RAMSEY, MURRAY, SOUTH, BAKER, SMITTY, PACHECO, FRECCERO, ROCK, EAST, HORSESHOE, APPALOOSA, PENN, GOLD, MARIA, BLUE, HORSE, MIDDLE, LYNETTE, WHISKEY, POINT, QUAIL, ELECTRA, PALOMA, WILLOW, AIROLA, FARRIS, CHEYENNE, EVANS, MILTON, SALT, STAGECOACH, BRIDGE, HUNT, BUCKSKIN, WALKER, CAMPO, TELEGRAPH, POOL 2 - MAIN, PRUSSIAN 2",49
Colusa,"MILL, LAKEVIEW, SITES COMPLEX, SANDS, SUMMIT, 20, PAWNEE, BRIM, LEESVILLE, RUMSEY, AUGUST COMPLEX, NAIL, SITES, HILL, SAND, SIXTEEN COMPLEX, RANCH, DELEVAN T28, BEAR, CANAL, INDIAN, HENNESSEY, OASIS, ROCKY, WALKER",27
Contra Costa,"MARSH 5, BRADFORD, MORGAN, BRUNS, BRICKYARD, BARRY, DEER, KIRKER, MARSH 6, CURRY, CAMINO, HIGHLAND, WILLOW, SCENIC, MARSH, FRANKLIN, DIABLO, SCU COMPLEX, PORT, MARSH 3",22
Del Norte,"FEEDER, MILL, DEVIL, TELL, SUMMIT, WILSON BRANCH 2, OAK, SLATER, PEAK, NICKOWITZ, FORKS, RANCH, BLUE 2, WILSON BRANCH 1, ENDERTS, REQUA, PAW, BEAR, COON, SIGNAL, POKER, SHORE, ROWDY, NATCHEZ",24
El Dorado,"OMEGA, SOLDIER, FORNI, CAPPS, MILL, FUNKY, CHAPARRAL, BUMPER, GREYHORSE, VINTAGE, MORMON, LAKEVIEW, CARSON, KYBURZ, TRAILHEAD, TABLE, STEINS, SHINGLE, EMERALD, FORK, ICE, ONYX, HAZEL, BOTTLE, KING, VOLCANO, COUNTRY, BLACKSTONE, MYERS, HENRY, SLIGER, NORTH, AXEL, SAND, SETTLERS, CAPLES, HORSE, CALDOR, ALDER, PAYMASTER, LATROBE, GROOVY, CAMERON FIRE, MAMMOTH, NOODLES, MEADOW, RANCH, UNION, MOSQUITO, GIRARD, SUGARLOAF, CRONAN FIRE, SALMON, FRENCH, COULTER, STORKSBILL, LONG, BALTIC, BERRY, CASCADE, COOL, MURPHY FIRE, COLD, PATTERSON, SIERRA",68
Fresno,"AUBERY, BULLFROG, PIEDRA, PUMICE, TRACTOR, CREEK, MORGAN, AVALANCHE, MONTEREY, MADSEN, ASPEN, SKY, GOLD, SAND, HORSE, PANOCHO, PINE, SLOPE, NORTH BUBBS, NORTH GUARD, HALL, HIGHWAY, WARTHAN, SPEARHEAD, EAGLE, SYCAMORE, ALTA, JAYNE, WEST, GREEN, LANES, BEAR, DERRICK, PARK, SENTINEL, SIERRA, HALF, BUBBS CREEK, RIDGE, GATOS, TRIMMER, MURPHY, ROUGH, PHELPS, FRONTIER, MARLAR, POWER, SILVER, NEES, PEBBLE, BLUE, LOWER TENT MDW, HOPE, CURRY, MORAINE, OIL, WINDY PEAK, ELEPHANT, FIRESTONE, KINGS, TUMEY, JUNIPER, LAKE, BURNT, WATTS, SHEPHERD, AVOCADO, MUD, CROWN, BOYDEN 1, COLDWELL, TIVY, BAKER, DEWOLF, MUSIC, LOPER, BRYSON, ELM, MONO, SHELL, SUTTER, DEER, RUTH HILL, FINE, PARKFIELD, PALM, VALLEY, LOST, RUTH, RUSTY, WARM, COALINGA, TEHIPITE, SAMPLE, MINERAL, FRENCH, HOG, FREEDOM, BIG, OWENS, AUBERRY, GEORGE, ANCHOR, RUTH 2, WOLF, TABLE, WOODS CREEK, THERMAL, HOTEL, FRAME, PALMER, BAILY, HILL, HILLS, EDISON, SHEEP COMPLEX, SPRING, GARZA, ARMSTRONG, FLAT, TODD, COVE, SUNNY, LODGE, ENNIS, SHAVER, FISH, HOUSE, GOOSE, SACATA, COW, PANOCHE, SALES, FRAZIER, DAVIS, AMERICAN, DUNLAP, COBBLE, CANYON",173
Glenn,"BASEBALL, SITES COMPLEX, ELK, AUGUST COMPLEX, DRUMHELLER SLOUGH, TRACT 17, PACKER, BURROWS, OPEN, 68, DAVES, CHROME2, AFTON, RANCH, 4-8, SIXTY, 306, GRIZZLY, CHROME",19
Humboldt,"TULLEY, HIGH, STEELHEAD 1-54, AMMON, MILL CREEK 1, MILLER, PINE 1-44, REDWOOD, PRATT, SNOW, PECWAN, LASSICS, PANTHER, BUTLER, WILDCAT 1-51, BEAR, BRIDGE, BAY, OVERLOOK, MCCOVEY, DOBBYN 1-57, SUMMIT, CAMPBELL, SCHOOL, HAPPY, CHANCE, MINE, JOHNSON, BUCK FIRE, COLONY, STAFFORD, RIVER, HORSE FIRE, BENNETT, BLUE, HELL'S HALF, HARRIS, LITTLE, YAGER, BROWN, BALD HILL 3, KNEELAND, SADDLE, TALL, STEWART, CORRAL, KNOB, REDSPOT, WINCHESTER 1-47, ARROW COMPLEX, BUCKEYE, BLOCKSBURG, EAST, JONES POINT, SWAY, BALDY, BUCK, VALLEY, LARABEE 3, FRENCH, REDCREST 2, GRAPE, TIERNEY, PACKSADDLE, BUSHNELL, DANCE, PARADISE, BIG BAR, MCLELLON, CARSON, IAGUA, GROVES, SYLVANDALE, NICKOWITZ, MILL CREEK 4, SIGNBOARD, BLOCKSBURG 1-58, IAQUA, COOSKIE, POTATO, LT-17(BACKBONE), RANCH, BALD FIRE, AHPAH, QUEEN, SPANISH, HOUSE, RED, MOUNTAIN, SAW, DEER HORN 2, BLAKE, RED SALMON COMPLEX, MATTOLE, GOODMAN, MP 21, CANYON",108
Imperial,"BORDER 12, MYER, BRUCHARD, MINERAL, ALAMO, HIGHLINE, ELLIOT, DESERT, POWER, DUNHAM, MIDWAY, MOUNTAIN, ALL AMERICAN, LAGUNA, MONTGOMERY, YUHA",19
Inyo,"GOODALE, CALVERT, KEOUGH, CENTER, LONE PINE, SAND 2, SOUTH, GLACIER NORTH, TRAVERTINE, CHIMNEY, ROUND, ALABAMA, SPANISH TRAIL, FORT, BLACKJACK, BIG TREES, HORSESHOE, RIVER, BLUFF, JOHN, MOFFAT, FORKS, GREAT, FAIRVIEW, SPRING, PINE, BRIDGES, CRYSTAL, CLOVER, INYO CREEK, BUTTERMILK, PASS, BUCKLEY, SPOOK, PLEASANT, TABOOSE, NADEAU, WILLOW, GEORGES, SPRINGS, AIRPORT, TECOPA, FISH, HONEY BEE, ONION, ASH, SOTTY'S, DIAZ, WINTERTON, ABERDEEN",52
Kern,"BRANDY, MANOR, GROVE, OILFIELD, COPUS, PYRAMID, DOYLE, EDMONSON, ROSAMOND, OAKS, IKEA, HUNGRY, OUTLET, TARINA, SAND 2, OAK, UNKNOWN, BULL, KEENE, GULCH, LAND, SABODAN, CREEK, PASADENA, WOFFORD, TULE, JAWBONE 2, HARPER, PEAK, KING, FEED, FORT, VIEW, HILL CREST, FAY, HUDSON, ROW, PRESERVE, OWL, GRANITE INC, TOWERLINE, STINE, CHESTER EXT, SAND, GARCES, PINE, TOWN, THUNDER, COWBOY, ERIC, HISTORY, GRAPEVINE-08, HIGHWAY, JACKS, SYCAMORE, LEBEC, PARKWAY, HAVILAH 2, SPILLWAY, WEST, WOLVES, AROSA, CANE, BEAR, COMANCHE, STAGECOACH, PINEY, CHINA COMPLEX, EDMONSTON, RANCHERIA, CALIENTE, 178, TRAIL, SCALES, PARK, CLEAR, BRECKENRIDGE COMPLEX, KENDON, WOODY, SIERRA, KEYSTONE, JACK, WOFFORD COMPLEX, FRAZIER 1, CROSS, RESOURCE, SHEEP, RIDGE, FARMER, STOCKDALE, WAY, DERBY, SCHOOL, QUINN, GRAND, SILVER QUEEN, NINE, RICHBAR, ROUND, FRONTIER, JOHNSON, SODA, MESA, CHAMPAGNE, HEALD, GRANITE, SCRAPER, CHOCTAW, RIVER, EMIGDIO, NORTH, SWITCH, ISABELLA, CONDOR, BLUE, METSON, FREEWAY, CURVE, HARRIS, MING, GULTCH, VULCAN, BELL, BEALE, OIL, CAMELOT, REFUGE, SHIRLEY, FRANK, CHINA, STATION, FOREST, OLD, PRISON, INDIAN, BROOME, LAKE, MERCED, 58 COMPLEX, BODFISH, ELK 2, DRY, ENTRANCE, HOOPER, BRECKENRIDGE, NICOLLS, FARM 2, BACKUS, LULU, RANCHO, LILAC, KNOB, UPLAND, LAKEWOOD, RIVER_7, CORCORAN, SOUTH, HART, BAKER, KERTO, ROOST, GRAPEVINE, DUMP, POSO, CORTEZ, POST, TUCKER, ELK, BENA, SHELL, TUNNEL, BOAT, OILFIELD INC, HIGHWAY 178, DEER, KECKS, HANNING, BASKET, BOULDER2, TUPMAN, RIO, DIRT, CAMERON, PEPPER, WILLIAMS, SHERWOOD, WILLOW, HILL NORTH DIVISION, MIDOLI 2, CANEBREAK, SOLEDAD, TENANT, FRENCH, HERMOSA, LAVAL, CAMPGROUND, GRAPE, PERRY, STUBBLE, CALDWELL, RESERVE, HUB, ROCKY, KEY, OWENS, CUMMINGS, WOOLSTAFF, APPLE, RAIL, PURPLE, LOST HILLS, BASIC, MID, 155 FIRE, COLE, SKYLINE, BITTER, CENTER, WHITE, CARNATION, KEM, ANTELOPE, WOLF, GENERAL, VINE, ADOBE, WILDLIFE, JUMPER, CRANE, LOOP, CARBINE, ONYX, ROBERTS, SPLIT, REED, LERDO, TEXCO, JAWBONE COMPLEX, HILL, HAWK, AQUADUCT, STAGE, ANNETTE, CATTLE, 65, NATIONAL, EDISON, HILLS, BOONE, BLACK, UMTALI, CALL, STANDARD, TWINS, ERSKINE, BACK, FLAT, PHILLIPS, COVE, HARTINC, PIUTE, BOREL, PASS, VISTA, WELDON, CEDAR, RANCH, RANGE, YORK, PLANT, KECK, LIGHTNING, QUAIL, AIRPORT, DUTCH, SOUTH FORK, EXTENSION INC, BARREL, GARDEN, EVANS, FARM, WATER, TEJON, POLELINE, SALT, COW, CANAL, LANCER, BASE, MOUNTAIN, CALGARY, SLUMP, CAMP 9, Backus 2, YANKEE, WALKER, TANK, CANYON, CORCARAN",422
Kings,"UTICA, GARZA, DEN, PYRAMID, KETTLE, DEVIL, AQUEDUCT, TAR, YORK, TURKEY, CITY, AVENAL, REEF",16
Lake,"SPRING 2, OAK, SKELETON, BOTTLE, BUTTS, SKY, BACHELOR, BECKS, NORTH BRANCH, PETERSON, EAGLE, PLYE, GREEN, SALMON, CATHOLIC, 3-19, RIDGE, SUMMIT, MURPHY, PAWNEE, MUSTANG, KELSEY, 17-7, RIVER, SULPHUR, BOARDMAN 2, CROCKETT, CANTWELL, OAT, STUBBS, HIGH GLADE, HIGHLAND, FOOTHILL, INDIAN, HENNESSEY, GRADE, ANDERSON, CLAYTON, TWENTY_NINE, LAKESHORE, CACHE, MILL, KINCADE, ELK, DAM, MOUNT, DEER, MULE, SCOTTS, SULPHER, VALLEY, GADDY, RESERVOIR, SMITH, OASIS, ROCKY, BIG, GEORGE, DIMOND, KUGELMAN, WYE, BLUE LAKES, BRIM, CLUB, CARDER, LYONS, AUGUST COMPLEX, HILL, MOCKINGBIRD, TWENTY, SLIDE, BACK, RANCH, DOUBLE, COW, CERRITO, GLASS, JERUSALEM, RED, LAKE VIEW, SARATOGA, WALKER, LUCERNE, CANYON",96
Lassen,"CLARKS, CHERRY, MORGAN, R-5 SPANISH, MARR, ADAMS, LONG VALLEY, R-3 LITTLE FREDOYNER, R-10 PAINTER, DOW, R6 CREEK, DRY VALLEY, GOLD, PEG, HORSE, W-4 TERMO, CHICKEN, R-1 ROCK, R2 RAVEN, PETERSON, S1 DUCK, LAURA 2, WEST, R-4 RANCH, BALD, R2 SNOWSTORM, R-3 VINCENT, SHEEP, CONSTANIA, R-5 STONEY, R-5 DRY, R-2 TRUMBULL, ROUND, SHINN, RUSH, R-1 RYE, LOYALTON, R3 RYE PATCH, RIVER, NORTH, HOLBROOK 2, HORN, DIXIE, RICE, 3-13 MUCK, R-4 PARSNIP, R1 RANCH, DOCKERY, HYATT, DEPOT, PRISON, SUNNYSIDE, RED ROCK, CONSTANTIA, R1 JUNIPER, MUD, 3-8 DIXON, MENDIBOUREAU, PAINTERS, R-3 SKEDDADLE, R4 RAILROAD, 3-10 VALLEY, COYOTE, R-8 PINECODE, 1-4 BIZZ, DUNE, BECKWOURTH LIGHTNING COMPLEX, WILLARD, CHENEY, SUGAR, WOOD, R-5 SNOWSTORM, LIKLEY, RUSSELL COMPLEX, BACCARAT, WILLOW, W-1 MCDONALD, SNOWSTORM, DAY, R-1 PIT, HOG, R-2 SCHAFFER, COPPER, RAILROAD, SHAFFER, BUTTE, 3-18 SNAG, ANTELOPE, R-9 FREDONYER, R-6 TUNNISON, R-9 SHINN, CORRAL FIRE, VIEWLAND, W-5 COLD SPRINGS, TERMO, HILL, MCDONALD, S2 COAL, PIT, FLAT, R-1 MAPES, HERLONG, WHALEBACK, R-2 BUTTE WELL, 3-16 PIT, SPANISH, R-3 MUD, RED, DODGE, STONE, TUMBLEWEED, POSLIN, ROXIE",123
Los Angeles,"ROUTE, HUNGRY, DULCE, HASKELL, FORK, VIEW, GILLETTE, BARN, CROSSOVER, VASQUEZ, ESCONDIDO FIRE, SWEETWATER, LAMBERT, DALE FIRE, TREE FIRE, TRANCAS, SAN DIMAS, DEL, LOWE, TAMPA, GLENDORA, HOLSER, RIDGE, GAVINA, MURPHY, OLIVEVIEW, 210TH, CANYON, MESA, RANCH2, TYLER, ELSMERE, HILLSIDE, PLEASANT, SPRINGS, CASTRO, SAYRE, RAMBLA, G, OLD, PERKINS, WIND, WINERY, POLE, SOLEDAD  FIRE, BARNES FIRE, COYOTE, PELONA, GOLDEN, STORRS, VALLEY, LOST, WAGON, WILSON, WARM, LAGO, RESERVOIR, MENDENHALL, TERREBONNE, POPPY, TURNBULL, FLORES, ENCINAL, HEFFNER, OLIVE, LATIGO 2, ISLAND, COLIMA, FIVE, TIERRA, VISTA, RANCH, RANGE, QUAIL, MALIBU, MUREAU, CASTAIC, MADISON, BIGHORN, PACIFICA, TOPANGA, AGOURA, GOLF, LARGOVISTA, OSITO, CHERRY, FOUR BAY, BROOK, VANTAGE, DEERVALE, DIAMOND, SAND, PACIFICO, TOPANGA 2, ROMDELL, PARKMOR, BANNING, SUN, 92ND, MT ST MARYS, AGUA, GRAND VIEW, STEEP, GORMAN FIRE, MARPLE, TRIUNFO, LIMA, VANTAGE POINTE FIRE, PARK, GORMAN, SHEEP, POWERHOUSE, PINES, BLUE, SPRINGS FIRE, TAPIA, FREEWAY, CASTLE ROCK FIRE, MORRIS, LANCASTER, SKIRBALL, MARSHALL, SANTA ANITA, LAKE, MINT, SHOEMAKER, LAS VIRGENES, REMSEN, SADDLE RIDGE, CROWN, KNOLLS, HILLSIDE FIRE, CHARLIE, D, DAM, MESSENGER, ESCORT, BOAT, BOUQUET, CHESEBORO, MUNZ, SAM, MESAVIEW, SOLEDAD, GLADDING, MARTINEZ, SHOOTING, CALABASAS, EQUESTRIAN, OAKWILDE, MULHOLLAND, BIGROCK, PEAR, DOMINICA, SMOKEY, TOPANGA FIRE, WHEATLAND, COLBY, WELDON, FIVE MILE FIRE, LIBERTY FIRE, TOPANGA CYN, AIRPORT, BARREL, FISH, TEJON, MADRE, OASIS FIRE, STONE, ALISO FIRE, ECHO LAKE, BROWNS, INDIA, CALGROVE, CLARITA, PYRAMID, PALERMO, OAK, EMIGRANT, CREEK, PEAK, OAK FIRE, COLTRANE, MARTINEZ FIRE, MEDLEY, ZEBRA, PAINT, SESNON, GRAVE, SKYVIEW, PLACERITA, LIEBRE, MAREK, VIEW RIDGE, TECOLOTE, JOHNSON, STATE PARK, TOVEY FIRE, MALIBU BEACH, RIVER, WOOLSEY, VINCENT, CROSSROADS FIRE, PALISADES, STRIKE, STATION, LEONARDO, ESCONDIDO, KAGEL FIRE, BOBCAT, MESA FIRE, NEWHALL, RYE, PALMS, VIRGENES, EAST, RINCON, SLOAN, PICO, NEENACH, BRIGGS, COUNTRY CLUB, WILLIAMS, EE RANCH, BARHAM, LEONA, CORNELL, LIBERTY CANYON, PANORAMA, QUEENS, ROWHER, NEWHALL  FIRE, HUGHES, SEPULVEDA, WESTLAKE  FIRE, PARADISE, SANTA MARIA, RAYBURN, SESNON FIRE, OAKMONT, KANAN, GRIFFITH PARK, CEMENT FIRE, HILL, SAGE FIRE, MIDDLE, TEXAS, ANTONIO, TICK, COMMERCE, KELLOGG, BURRO, MAY, BEE, VALLEY CIRCLE, 3 POINTS, SAN, GROVE, SEPULVEDA PASS, COPCO FIRE, COPCO, WAVE, TOWSLEY, GULCH, NEWTON, RIDGE FIRE, 118 FWY, SYCAMORE FIRE, TETON, LAKE 2, PINE, WESTLAKE, HIGHWAY, SYCAMORE, TUNA, WEST, BRIDGE, RIVERBED, CABIN, LA TUNA, PINE  FIRE, SIERRA, COLINA, TONNER, FAIRMONT, DALTON, WAYSIDE FIRE, RODEO, STEELE, STOKES, TUJUNGA, PALISADES 2, SERRA, NORTH, HIGHLAND, TOWNSEND, LINCOLN, TEMESCAL, SOUTH, EMMA, LOWRIDGE, PIUMA, PV, HOPPER, BLUFF, GABRIEL, CHARLTON, ROCKY 3, HACIENDA, MARTINDALE, MAGIC, PALM, OLD TOPANGA, OASIS, WAYSIDE, DUME, JOHNSON FIRE, HOLLYWOOD HILLS, SKYLINE, LOBO, RAMP, FOOSE, CUT OFF, SPUNKY, CALGROVE FIRE, HASLEY, NO NAME, NEWELL FIRE, LIGHTNING, ACTON, GETTY, ROCK POOL, OCEAN VIEW, OSITA, TUMBLEWEED, RUSTIC",440
Madera,"BUTTE, LYELL, CASCADEL, ROAD 600, COURTNEY FIRE, SUMMIT, PUMICE, EASTMAM, OAK, CORRINE, MINNOW, OAKWOOD, CREEK, BUCKHORN, SERPA, FORK, BROKEN, LAKES, STAR, QUARTZ, MILLERTON, ONEALS, JOHNSON, POWER, BUENA VISTA, RIVER, ASPEN, LIONS, SKY, GOLD, ROLLING, SPRING, WASHBURN, BUCK, MORAINE, ROYAL, SOUTH FORK, LOST, WILLOW, GRUB, HENSLEY, MISSION, CHINA, MANZANITA, BILEDO, FISH, CHIQUITO, FULLER, RED, FRENCH, COW, TRIPEL, JUNCTION FIRE, BOWLER, RAILROAD, COLD, 41 FIRE",61
Marin,"BOBCAT, MESA WATERTANK, LIMANTOUR, INDIAN CLOVER, ANGEL ISLAND FIRE, WOODWARD, PIERCE, FIELD, REDWOOD, MUIR 2, HAWK, BEACH FIRE, ISLAND, SHORELINE, SPALLETTA, SPIRIT, BOLIANS COAST GUARD, PINE, RING MOUNTAIN, ANTONIO, DEVILS GULCH, NORTH BEACH 2, YATES, PELICAN, VISTA, POPLAR, PT REYES, NORTH BEACH 1, VISION, DRAKE 2, COAST, MARTINONI, A RANCH",34
Mariposa,"CLOUDS REST, OAK, BEN, CREEK, LIEDIG, MCGURK, FORK, PORCUPINE CAMPGROUND, MOTOR, PEAK, FIREPLACE, KING, AVALANCHE, STARR KING, YOSEMITE CREEK, CARABINER, MIST TRAIL, SNOW, INDIAN PEAK, KNOB 91, HORSE, TRIANGLE, WILDCAT, VALLEY FIRE, EL PORTAL, FORBIDDEN, WASTEWATER, BRICEBURG, EAGLE, 49, ZAMORA, AGUA, BLUEJAY, CONVERSE, WEST, DONALD, WOODLOT, INDIAN CAVES, SENTINEL, CATHEDRAL, WHEELER, RIM, DEERLICK, WAGNER, HUNTER FIRE, HAIGH FIRE, SUMMIT, HAPPY, AVALANCH VEHICLE FIRE, CARSTENS, LAKES, GRANITE, HWY 140, RIVER, NORTH, CASTLE, CURRY, CHILNUALNA, DARK HOLE, WASHBURN, WESTFALL, HUNTERS, COYOTE ROCKS, INDIAN ROCK, MONTGOMERY, POINT, MCSWAIN, PICNIC, FISSURE, PORCUPINE, PILOT, FERGUSON, NORTH DOME, OLD, INDIAN, LAKE, LUKENS, CABLE, BRIDGE FIRE, TELEGRAPH, SWINGING BRIDGE, HUNTER, BALD ROCK, CLARK, COYOTE, RATTLESNAKE, GROUSE, POWERLINE, BIG MEADOW, MONO, TUNNEL, SPUR, DEWEY, SNOW CREEK, MERCED LAKE, DEER, BUNNELL, ILLILOUETTE CREEK, FALLS, RAISIN, GAINES, CAMPGROUND, CASCADE, MARKET, WAWONA, RAILROAD, DOG ROCK, RAINBOW VIEW, BRIDAL, RIBBON, DARK, TENAYA, CRANE, CORONADO, HOOVER, PLANADA, SILVER KNOB, OLIVER, OLD TOLL, HILL, TAFT, SPRING, OTTOWAY, INSPIRATION, DETWILER, COUNTY LINE, BRIDAL VEIL, SOUTH FORK, MEADOW, TURNER, ILLILOUETTE, MOSQUITO, POHONO, INDIAN CANYON, MAY, BOYER, EMPIRE, RED, ASH, TAMARACK, WATKINS, EL CAP, HIDDEN",163
Mendocino,"MONKEY ROCK, BURRIS, ORR SERIES, OAK, CLIFF RIDGE, CREEK, BRUSHY 3, SHAMROCK EAST, SHAMROCK WEST, VIEW, 5-12 WHIPPLE LIGHTNING, 5-10 CAVANAUGH LIGHTNING, HOPKINS, LOW GAP, ARCHER, PRATT, RIVER 2, TOMKI, HORSE, NORTHFORK CAMP, LEONARD LAKE, 1-21 PORK LIGHTNING, JACKS, 4-2 CAHTO, MCGALL, 1-6 SKUNK 2 LIGHTNING, 3-19, RUFF, TURNOUT, BRUSHY 2, SODA, RIVER, NORTH, PIETA, RIVER 1, BRUSHY 7, EEL, BLUE SLIDE 1, BLUE (ALK 4-3), FOSTER, 4 MILE, RUNNING SPRINGS, BELL, BLUE NOSE, ALBION RIVER, BELL SPRINGS, HIGHLAND, MINA, JAMESON, RED MOUNTAIN LIGHTNING, LINCOLN, KIRK, RIDEOUT, RED HILL, BROILER, NORTH PASS, INDIAN, GRADE, BRUSHY 6, USAL, MILL, SAN HEDRIN, OIL WELL, HARDY CREEK LIGHTNING, LOST PIPE, OSO, TWO ROCK, BRUSHY 4, LITTLE JUAN CREEK (MRC), RETECH, SCOTTS, BUTCH, SHAMROCK, WILLIAMS, REDWOOD VALLEY, ETSEL, MOOSE, 1-11 RAY SPRINGS LIGHTNING, BURGER CREEK, BIG, OWENS, BRUSHY 1, JACK SMITH, BASEBALL, VINEYARD, CLUB, BRUSHY 8, AUGUST COMPLEX, MIDDLE OUTLET LIGHTNING, NELSON, MURPHY RIDGE, SKUNK 1, BURNS FLAT, FLYNN, TABLE MTN, ISLAND, BLACK, SPRING, MIDDLE, POND, LODGE, PASS, COWSHED  LIGHTNING, MEADOW, RANCH, BRUSHY 5, SUGARLOAF, NAVARRO, FOLSOM, NOME, WALKER, SHIMMINS",119
Merced,"COTTONWOOD, DINOSAUR, WILDLIFE, LEGRAND, FREMONT, WOLFSEN, PLANADA, MCCABE, ROBINSON, NEES, ERRECA, SANDY, FOSTER, PASS, REFUGE, BALLOON, ROMERO, SCU COMPLEX, FARM FIELD 3, WRIGHT",25
Modoc,"BIRTHDAY, MOWITZ, SISTERS, CANTRALL, GULCH, BOLES, CREEK, FORK, MCGINTY, HAGER, BARNES, 4-3 PUMA, PINE, UPPER, EAGLE, BATTLE, WEST, LOOKOUT FIRE, HOWARDS, CLEAR, GRAVEL, DOBE, ROCK2, LIKELY, BARRY POINT, DALTON, MASON, STEELE, 40, CENTERVILLE, JOESPH, NORTH, QUARANTINE, RADAR, SCORPION, HOWARD, GULCH4, LITTLE, JONES, SCHALER, FROG, WILLOW VALLEY, POINT, ALLEN, FOX, JUNIPER, JIM, LAKE, KELLY, COLD, ANNIE, WHITTEMORE, MUD, W4 ROMERO, QUAKING, BLUE2, CLARK, COYOTE, TUCKER, CASUSE, GROUSE, HEADQUARTERS, PARKER2, DIAMOND4, NORTHERN, MAMMOTH, VALLEY, SALISBURY, LIKLEY, SOUP 1, WILLOW, GOOSE2, DOBIE, COWHEAD, DAY, DONICA, CALDWELL, PATTERSON, RAIL, GULCH3, WHITE, ANTELOPE, ESSEX, RIMROCK2, LONE, ROCK, W-5 COLD SPRINGS, SPLAWN, FAIRCHILD, NELSON (W-1), FLAT, COVE, RIMROCK, TELEPHONE, W-2 LIKELY, MEADOW, COUGAR, SOUP 2, TWIN, WITCHER, GOOSE, DAVIS, STONE, TANK",119
Mono,"ROCK CREEK, MURPHY, BUCKEYE, SLINKARD, ADOBE, CONWAY, CLARK, ROUND, OWENS RIVER, JUNE, MONO, MOUNTAIN VIEW, MCGEE, BIEDERMAN, IRIS, BODIE, HOT CREEK, GRANT, PAN, SHERWIN, KELTY, SLINK, BOOT, POTATO, DEXTER, TIOGA, MARINA, N. GLASS, SPRING PEAK, SPRINGS, PICNIC, WILSON, VAN DYKE, GREEN CREEK, INDIAN, BRAMLETTE, TAMARACK, BEACH, PINENUT, AURORA, WALKER, SAGE HEN, OWENS",43
Monterey,"CHALONE, BRADLEY, BOOMER, LONOAK, OLD STAGE, GULCH, TOPO, SARGENT, BIANCHI, KING, COUNTRY, JOLON, RELIZ, GLORIA, SARGENTS2, PINE, REGIONAL, PLASKETT, SAN_JUAN_GRADE, DUDLEY, SYCAMORE, LOWE, LOGWOOD, DOLAN, GREEN, CHALK, TASSAJARA, RANCHITA, PARK, CATTLEMAN, CROSS, AIRLINE, COTTONWOOD, RIDGE, PFEIFFER, MAIN, MUSTANG, JOHNSON, RIVER, BRADLEY-LOCKWOOD, NORTH, FRUDDEN, LAURELES, COLORADO, LOCKWOOD, SAN LUCAS, LAKE, ALVARADO, PINNACLES, CARMEL, LOS BUEYOS, FREEMAN, MILL, HUNTER, THOMPSON_CYN, ARGYLE, BRYSON, HIGHWAY_198, ARDO, HWY198, GARRISON, DEER, SARGEANTS, CIRCLE, PONDEROSA, PARKFIELD, AGUAJITO, WILLOW, MANZANITA, MINERAL, INTERLAKE, SOBERANES, HOG, INDIANS, LIGGETT, SARGENTS 2, VINEYARD, PRIEST, SAN ARDO, 198, CHIMNEY, ENCINAL, SLACKS, LUCAS, FERRIS, STAGE, TURKEY, GARZA, BITTERWATER, COPPERHEAD, JULIUS, COLEMAN, WUNPOST, GRIFFEN, LONEOAK, SILACCI, GALLERY, ARROYO, SARGENTS, METZ, DAVIS, RICO, SAN JUAN, CANYON",135
Napa,"TULLEY, SNELL, WILD, EASTSIDE, ESTATES, KNOXVILLE, SILVERADO, KIRKLAND, SUMMIT, HUBCAP, BELLAGIO, SYAR, BUTTS, EAST, STEELE, SODA, POPE, LAWLEY, REDWOOD, PUTAH, DEER, NEWELL, HILLCREST, BENNETT, SPRING, BERREYESSA, ATLAS, WRAGG, NUNS, CLOVER, CAPELL, VALLEY, AETNA, MOBILE, TUBBS, SILVERADO_2, COUNTY, KIWI, SPANISH, AMIGAS, ROCKVILLE, FOX, OLD, GLASS, JERUSALEM, HENNESSEY, MONTICELLO, GRADE, AMERICAN, GARAGE, KELLY, COLD, CANYON",59
Nevada,"MCDANIEL, LOBO, WOLF, HIRSCHDALE, OAK, YUBA, PHOENIX, BUTTERFIELD, GREENHORN, OWL, MCCOURTNEY, MAGNOLIA, RIVER, STILL, PROVENZA, PLUM, AUBURN, BENNETT, LOWELL, TYLER, JONES, RICES, BEALE, PERIMERTER, PLEASANT, HUTTO, DEL, CHINA, CHALK FIRE, GARDEN, WEST, BREWER, DOGBAR, FALL, SCOTCHMAN, REX, GRIZZLY, RUN, BLOOMFIELD",41
Orange,"ORTEGA 3, CARBON CANYON, RIDGE ROUTE, CECIL, ALICIA, NICHOLS, BOMMER, RIDGE, CANYON II, SILVERADO, REATA, CREEK, EMERALD, BLUE DIAMOND, SOUTH HAMPTON CT, TESORO SCHOOL, TRABUCO, CRISTIANITOS, B2 - YORBA, JAMBOREE, BOND, LAGUNA NIGUEL REGIONAL PARK, PICO, CROSS CREEK, LAGUNA, TORTOISE, WINDY RIDGE, COW CAMP, CARBON CANYON PARK, PARK FIRE, FOSSIL, IRVINE PARK, AMENO, LAMBERT, NIGUEL, FREEWAY, TALBERT PARK SOUTH, ANTONIO, TOMATO SPRINGS, WOOD, BLUE RIDGE, WILLIAMS, BLUFF COVE, CANADA IC, COTO, LA RAMBLA, HIGHLAND, WINDY RIDGE FIRE, ORTEGA, SANTIAGO, GEORGIA SUE, HOLY, COSTCO, JEFFREY, COASTAL, LONG, ROSE, JIM, LIVE OAK, EL TORO IC, ALISO, TRAFALGAR CANYON, SANTIAGO CANYON, BONITA, SAN JUAN, UNNAMED, MAGAZINE, BELLA COLLINA GOLF COURSE SCL, CANYON, CANYON I",99
Placer,"AMORUSO, CATLETT, APPLEGATE, OAK, WESTVILLE, NEWTON, NICOLAUS, KING, COUNTRY, STAR, TWIN BRIDGES, SUNSET, GOVERNMENT, RIOSA2 INCIDENT, ATHENS, CHICKEN, PEAVINE, BRIDGE INCIDENT, BAXTER, MEADOWLARK INCIDENT, MIRABELLE, BEAR, BRIDGE, STAGECOACH, LESVOS, SIERRA, RIDGE, BASELINE, GARDEN BAR, MOORE, WATT, FIDDYMENT, MCCOURTNEY, PALLADAY, RIVER, NADER, WISE, NORTH, POINT, MCOULLOH, FLEMING, THOUSAND OAKS, LOCUST, OLD, LONG, BLACKFORD, SIERRA 2, BURNETT, PFE, ORR INCIDENT, WALEGRA, NICOLAUS WESTLAND, WEST WISE FIRE, DULUTH, CHAMBERLIN FIRE, SUGAR, MAMMOTH, THOUSAND, RIOSA INCIDENT, MANZANITA, DYER2 INCIDENT, GLADDING, BREWER, WEST WISE, BLACKSMITH, ROBBERS, FORESTHILL, SHOOTING, IOWA, TRAILHEAD, DYER, FOOTHILLS, RAVINE, GILARDI, NELSON, PHYLLIP, RIOSA, HILL, WALTZ, FARRIER, DYER INCIDENT, BLACK, FORTY NINE, LONGJOHN, TANNER, MIDDLE, SHERIDAN, VISTA, ROCKLIN_CLOVER INCIDENT, MOSQUITO, AIRPORT, DUTCH, PORTER, MAVERICK, KARCHNER, AMERICAN, NADER2 INCIDENT",135
Plumas,"LONE ROCK, DOTTA, SHEEP, TOLL, SOUTH-FREY, MURPHY, BIRD, BAR, NORTH COMPLEX, GULCH, GRIZZLEY TUNNEL, 5-6 CASCADE CREEK, CREEK, CHANCE, CREST, CROCKER, PEAK, ROCK, CAMP, CHIPS, ADAMS, JOHNSON, BTU LIGHTNING COMPLEX, GREENHORN, SNAKE, SQUIRREL, OLIVER, LOYALTON, L-2 YELLOW, DAVIS 3, MEADOW VIEW, SILVER, COLD, BECKWOURTH LIGHTNING COMPLEX, CUB, KEDDIE, SUGAR, RIDGE/HEIGHTS, SLATE, LITTLE, HARTMAN, DIXIE, RICH, CRESCENT, SPRING GARDEN, SCOTCH, MEADOW, RANCH, LEMM, ELEPHANT, WILSON, EUREKA, FRENCHMAN, WARD, EVANS, WEST, MILFORD GRADE, FRENCH, TOBIN, CHILCOOT, MINERVA 5, HOUGH COMPLEX, BRIDGE, MCRAE, IRON, HUNT, COPPER, WALKER, BIG, GENESSEE, WOODY, MILLS",77
Riverside,"WINDY POINT, CHAPARRAL, OAKS, MERWIN, TAFFLE, CREEK, ROSA, GILMAN, WAYMAN, VOLCANO, BLUFF2, VIEW, GILLETTE, TRIPP, RELAY, HORSESHOE, WINDY, KEYS, SNOW, 46, DE LUZ, EL DORADO, JURUPA, LEON, BANNING, HIGHWAY, HWY 74, PACIFIC, MAYWOOD, VAN BUREN, HEACOCK, MCKINLEY, CLINTON, SANDERSON, BAUTISTA, SMILEY, LINDELL, BONITA, SCOTT, CONTOUR, SKYLINE LRA, CHECKPOINT, MORONGO, SIERRA, ROUSE, CATHEDRAL, JACK, COTTONWOOD, ROBERT, BLUFF 2, CASTILE, PONY, SUMMIT, MIAS, OPERA, MINE, CASINO, BLAINE, MUSTANG, SPIDER, STEELE, GRANITE, RIVER, SILVER, ANGEL 2, SANDALWOOD, FREEWAY, LITTLE, SCENIC, PALMAS, HIGHLAND, SPRINGS, WILDOMAR, JAMESON, LAKEPOINTE, SADDLE, LINCOLN, INDIAN, ROSE, JIM, RAMONA, LAKE, FLATS, JERRY, WRANGLER, FREE, GORGONIO, SMOKETREE, TRUCK, SAGE, BOGART, TENAJA, TRILOGY, BRIGSS, APACHE, KELLER, COYOTE, CHRISTMAS, GRANDE IC, ELM, THOMAS, BLUFF, ANGEL, HATHAWAY, POTRERO, SANTA, MINTO, TRAM, RALPH, VERNON, BUCK, SAN TIM, REDLANDS, BLUE RIDGE, PALM, VALLEY, SKINNER, CARY, MANZANITA, LAGO, RABBIT, LAWLER, CRANSTON, TEMECULA, FALLS, LAMB 2, MARTINEZ, THEODORE, CACTUS, SOBOBA, CABAZON, EUCLID, MEADOWS, PATTERSON, DOS PALMAS, CANYON I, APPLE, TORO, SKYLINE, RIBBON, BRADFORD, TRAMWAY, EVERGREEN 1, WOLF, SILVERADO, LOST HORSE, GAVILAN, EAGLE CANYON, VAIL, KATHRYN, ROCK, PEDLEY, PALMER, ANZA, HILL, GILMER, SOUTH MAIN, FAIRVIEW, GARZA, TENAJA2, WINDMILLS, LOST LAKE, LAMB, EXTENSION, CEDAR, VISTA, RANCH, RANGE, EVERGREEN 2, QUAIL, AGUA CALIENTE, SABINA, AIRPORT, TWIN, HOLY, WESTWARD, WATER, RED, MOUNTAIN, LIVE OAK, VIPER, CANYON, WHITEWATER",222
Sacramento,"NELDA, IONE, CLAY FIRE, LARGO, BASELINE, BOYS, SHINGLE, DYER, INDIO, POWER, CLAY, GRANT, LATROBE, I-5, MEISS FIRE, LOCUST, GRANT FIRE, SCOTT, BROWNS, RANCHO",21
San Benito,"PINNACLES, AIRLINE, BITTER, PANOCHE 2, ANTELOPE, LONOAK, HOLLISTER, FAIRVIEW 2, COYOTE, ROSA, ANZAR, KING, SALINAS, IDRIA, HWY25, TRES PINOS, SANTA, GABILAN, GLORIA, RED BARN, BITTERWATER, POND, BETABEL, BEAVER, MERCURY, CIENEGA, ROCKS, VALLEY, VISTA, LEWIS, BROWN, UNION, WILLOW, LONEOAK, COALINGA, OLD, PANOCHE, HERNANDEZ, BENITO, EASTERN 2, AROMAS, HIDDEN",50
San Bernardino,"CLOUD, STANDING ROCK, SAN GORGONIO, HIGH, STODDARD 3, TOWER, ORANGE, CAJON, BULL, OAK, GULCH, MILLER, CREEK, BROOK, MOTOR, PEAK, KING, STAR, TRONA, SHARP, HOLCOMB, DIAMOND, OAK GLEN 3, BARNES, DALE, EASTON, DOME, PINE, OLD WOMAN 2, EL DORADO, MENTONE, HIGHWAY, NORTH PARK, CLEGHORN, MCKINLEY, IRWIN, GREEN, IVANPAH, WRIGHT, SCALES, DEEP CREEK, SCOTT, FARMINGTON, SIERRA, KENWOOD, BRYANT 2, SHEEP, RIDGE, GREY, SUMMIT3, WASH, BASELINE, HIGHWAY 2, AHA MACAV, SHINN, FORD LAKE, PARKER DAM, JOHNSON, GRANITE, SILVER, KARE, NORTH, CASTLE, MILE, SANDALWOOD, BLUE, BAILEY, FREEWAY, MELVIN, LITTLE, BRUDER, HILLSIDE, OLD WOMAN, KEENBROOK, EL MIRAGE, PILOT, BLUE CUT, JAMESON, PARK 2, BRONCO, FAWNSKIN, FOXBOROUGH, PITZER, HWY 18, LAKE, FLATS, 18, CABLE, MOJAVE, ETIWANDA, FLORIDA, MILL, 330, ABIGAIL, SOUTH, HART, HESPERIA, WAGON TRAIN, BOWEN, EAST, POWERLINE, ZERMATT, CUDDEBACK, BASIN, HATHAWAY, DEEP, DEER, PITMAN, KEN, WELLS, WOOD, MOUNT R, GARNET, BLUE RIDGE, VALLEY, JOHAN, MANZANITA, STODDARD 2, SAN ANTONIO, OASIS, ARROWHEAD, ROUNDUP, CACTUS, ROADSIDE, RAILROAD, SEPULVEDA, CRAFTON, EUCLID, APPLE, GOBBLERS, BRIDGE 2, MART, ADOBE, SANDY VALLEY, EMERALD, MATZ, LONE, PEDLEY, PALMER, CAHUILLA, RADFORD, HILL, BOX, ACOMA, POND, MOMYER, KENBROOK, MILL2, COLDWATER, CIMA, LYTLE, ELK TRAIL, LIVE OAK, DOLLAR, SEINE, BIGHORN, GREENSPOT, DEVORE, CAHUILA, PENDLETON, STERLING, HIDDEN",182
San Diego,"INDIA, BORDER 9, CHAPARRAL, SHOOTS, CREEK 5, BORDER 31, VOLCANO, BANDY 2, LYON, DEHESA 11, MIGUEL, BORDER 7, BORDER 6, GREAT, BORDER 26, WILDCAT, SUNSHINE COMPLEX, BORDER 12, BORDER 16, WILLOWS 3, FELIPE COMPLEX, COWBOY, HIGHWAY, EAGLE, PASO, AGUA, BORDER 18, BORDER 19, OTAY, WEST, WILDCAT_4, JEWEL, SKYLINE 3, VALLECITO, PARK, BERNARDO, CHECKPOINT, SIERRA, SLOANE, SCOUT, LAKE 3, BUILDING, COTTONWOOD, LA POSTA, RIDGE, ECLIPSE, SANDIA, OTAY 11, PALA 3, PALA, BORDER 22, PAUMA 4, CHIHAUHAU 2, FEATHER, PASQUAL, COMBAT, MESA, BORDER 13, SAN MATEO CAMPGROUND, YSABEL 2, SAWDAY, RIVER, CARRIZO, RECYCLE, JAMACHA, BARRETT, GUN, MILLER 2, BORDER 32, CAMINO, GASOLINE, DEHESA 8, 76-2, BORDER, VALLEY 2, STEWART, BARRETT 3, MARRON, DEHESA 5, PALA 5, ARUBA, LILAC, FURY, BARRETT 4, JENNINGS 2, CAPTAIN, TOMAHAWK, BORDER_8, CUTCA, MESA 4, LONESTAR, MCP BASILONE GATE, COOPER, MERCADO, BORDER 27, CINNAMON, SANTA, ROAD, SOUTHERN, SHOCKEY, VALLEY, JARDINE, PEUTZ, WYNOLA, LOST, BORDER 2, ROCK 2, WILSON, CRESTWOOD, GREEN 3, MILLAR, MARRON 4, VISTA 5, MORENA, GOPHER 10, BORDER 15, GOPHER 7, JACUMBA, WILLOW 8, CASNER 2, COPPER, BORDER 8, CAMPO, BORDER #14, BUCKMAN 2, CASNER, PULGAS, PALA 4, MESA 3, BORDER 10, BORDER2, POINSETTIA, GENERAL, MARRON 6, GATE, BANNER, FELIPE, CRISTIANITOS, OLD - 2, CHURCH 2, HARBISON 2, BODEN, WILLOW 9, MORRETTI, NARROWS, BLACK, SLAUGHTERHOUSE, FIVE, DELUZ, ROCK 5, MONTE, MIGUEL 3, CHARIOT, COCOS, LAKESIDE, VISTA, CEDAR, CAESAR, BORDER 21, BANNER FIRE, WILLOWS, AIRPORT, ROBLAR, QUEEN, BORDER 11, OLD HIGHWAY 80  / LA POSTA RD, OVERLAND, MONTEZUMA, LA POSTA 2, WILLOW 3, HARBISON, RED, BEE, BORDER 3, CLEVENGER, GREENFIELD, ORTEGA 2, HAUSER, YANKEE, BAMBI, VIEWPOINT",207
San Joaquin,"BECKWITH, WAVERLY, WAVERLEY, HOLLOW, SHELLY, EXPLOSIVES, CHRISMAN, RIVER, FLOOD, LIBERTY, TESLA, CORAL, LIBERTY FIRE, SHELTON, CLEMENTS, SCU COMPLEX, BRANDT, HARNEY, PATTERSON, BELOTTA, CORRAL",22
San Luis Obispo,"GROVE, NACIMIENTO, RESORT, MARCOS, MATTIE, POLY, CRESTA BLANCA, COTTON, SHEDD, TOWER, BULL, PARKHILL, CREEK, ROSA, GILLIS, CAMP, COUNTRY, HUDSON, III_2, GENESEO, LINNE, LAGUNA, FRASIER, POZO, HUASNA, CUESTA, CALF, HIGHWAY, EAGLE, EUREKA, LUCY, WEST, COTTONTAIL, GREEN, BEAR, CHALK, CALIENTE, TRAIL, ZENON, GAVIOTA, JACK, LYNCH, CROSS, RIATA, COTTONWOOD, ALAMO, JUAN, HOLLOW, SHED, WASH, THOMPSON, CRESTON, LOPEZ, TEFT, BRIDLE, ELKHORN, WINDWOOD, SODA, TWITCHELL, COLONY, ADELAIDA, MACK, RIVER, IV_1, CARRIZO, DELTA, MARIA, WHALE, MUSTARD, SHANDON, BELMONT, CHOLAME, AVILA, CAMINO, MARGARITA, ORCUTT, FRANKLIN, WHITE TAIL, MCMILLIAN, BERRY, VILLA, WINEMAN, LAKE, FRONT, TIFFANY, SHERRY, VENICE, TALLEY, RANCHO, CRESTVIEW, TOWNSITE, HIGUERA, HELIOS, CLARK, COYOTE, ELK, BEND, SHELL, TOPAZ, BLUFF, O'DONOVAN, DEER, PLACER, YOSEMITE, GAGE, INDEPENDENCE, TRACY, PARKFIELD, SOLAR, VALLEY, 166, BUENA, WILSON, WEBSTER, RESERVOIR, LAGO, II-2, BRANCH, CORNELL, INDIANA, ESTRELLA, SADDLE BACK, ALMOND, DOMINGUEZ, ROCKY, HUTTON, HANDLINE, TORO, VINEYARD, BITTER, WHITE, ANTELOPE, GLADE, ADOBE, CAMATTA, CHIMNEY, ROCK, OLIVE, SEVEN, HILL, CYPRESS, HILLS, ENERGY, SPRING, NAVAJO, BITTERWATER, POND, DAIRY, COVE, PASS, VISTA, SUEY, MEADOW, RANCH, RANGE, PLANT, BOULDER, FARM, WATER, RED, TOBIN, CERRITO, FRAZIER, IRON, PRICE, BISHOP, DAVIS, STONE, CANYON",237
San Mateo,"KING, QUARRY, PIGEON, CZU LIGHTNING COMPLEX, CABRILLO, BRUNO, TOWER, SKEGGS, EDGEWOOD, BUTANO",10
Santa Barbara,"QUARRY, SANTA CRUZ, WOODCHOPPER 2, HOLLISTER, RUCKER, CAT, ALISOS, VIEW, ARMOUR, OWL, TEA, CIELO, AIR, CABALLO, CAVE, ALISAL, HIGHWAY, OGILVY, WEST, ONE, ALISO, TRAIL, GAREY, JESUSITA, ALAMO, LA BREA, RIDGE, LOOKOUT, HAPPY, WINDMILL, MESA, TWITCHELL, DRUM, SCORPION, BELL, DUTARD, GRADE, FRONT, SHERPA, KIRSCHEMANN, RANCHO, WASHINGTON, MARIPOSA, CLARK, HWY_1, HURRICANE, GIBRALTAR, THOMAS, WHITTIER, LITO, 33, GAP, WASIOJA, REY, 166, CEBRIAM, MANZANITA, MCMURRAY, BALLARD, FIGUERO, GATO, WOODCHOPPER 1, GIFFORD, VINEYARD, WHITE, HOLIDAY, MIGUELITO, BAR, CRUCES, BUCKHORN, ROCK, PALMER, FIGUEROA, MOCKINGBIRD, YELLOWJACKET, WESTERLY, SWEENEY, BEAR CREEK, RANGE, REAL, GOAT, CANYON",94
Santa Clara,"BRIDAL, LOMA, SUMMIT, WHITE HURST, MALECH, LEDEIT, PACHECO, FELIPE, ANZAR, COUNTRY, HUMMINGBIRD, CANYON, BULLHEAD, COE, PIERCY, CREWS, RANCH, SCU COMPLEX, PASEO, ESTRADA, LARIAT, PARK, BALLY, SIERRA",26
Santa Cruz,"BLOOM, RINCON, PANTHER RIDGE, BEAR, HARKIN, CZU LIGHTNING COMPLEX, LOMA, FREEDOM, LOCKHEED, ESTRADA, COAST, TRABING, MARTIN, SUMMIT, BONNY COMPLEX, DEER, CASTLE, CHINA",20
Shasta,"DECK, FERN, HIGH, GULCH, HOBBY, CREEK, ROSA, GILMAN, SALT CREEK, ZOGG, GILBERT, DALE, HORSE, ELMORE, PINE, H-2 CAMP, CAVE, BEAVER, EILER, HIDING, PETERSON, FLANAGAN, 1-34, PANTHER, EAST FORK, BALD, BRIDGE, CHALK, BACKBONE, DEERLICK FIRE, RIDGE, SUMMIT, MCFARLAND, FAIRFIELD, PLAINS, INWOOD, GIBSON, MURPHY, MOORE, OAKRUN, HOPEFUL, ROUND, SODA, PINES, POWER, SILVER, DELTA, CHATTER, STEIN, FIDDLERS, LITTLE, PLATINA, DIXIE, BASCOM, BROCK, BROWN, POINT, LOWER, SPRINGS, MURKEN, HONEYBEE, GIRARD, CHINA, WARD, READING, FIDDLER, BERRY, LAKE, CREEKSIDE, HAT, 5-9, MILL, H - 8 WELL, BAGLEY, GOMEZ, COTTAGE, WARNER 1-1, DUMP, NOBLE, FORWARD, CLARK, CARR, WITHROW, CRESTLINE, COLEMAN 1, SHINGLETOWN, PETER, PONDEROSA, MOSS, LEOPARD, CLOVER, COAL, GORGE, PINE 1, MALLARD, MOTION, WOODMAN, HIRZ, GRACE, OLINDA, WONDERLAND 2, MEADOWS, BUTTE, LOGAN, MCCLOUD, TRINITY, BRANSTETTER, ROCK, AUGUST COMPLEX, FAWN, LCA 1-9, KIRKMAN, VENTURE, PINE 2, DERSCH, FRANCISCAN, MOON, RANCH, SUGARLOAF, CORNER, LAVERNE, HOUSE, SALT, GOOSE, COW, JERUSALEM, MOUNTAIN, IRON, CASSEL, BULLY",143
Sierra,"WEST, FEATHER, CELINA, ANTELOPE, BORDER, INDIAN, SACRED, HOWLAND, LOYALTON, HARDING, SUNRISE 2, ELEPHANT, 25TH FIRE, SADDLE",15
Siskiyou,"OMEGA, EVERGREEN, HIGH, UKONOM, WHITEPINE, SISTERS, BRADLEY, COPCO, OBERLIN, PIONEER, SYLVA, CHERRY, HOVEY, HAYPRESS, OAK, RY, SLATER, GULCH, MACDOEL, BOLES, CREEK, HARDIN, FRYING PAN, NOMANS, TULE, PEAK, ETHEL, KNOX, FAY, DUZEL, LICK, SHALE, STEPHENS, SUTCLIFFE, BOGUS, ABNEY, HORSE, LITTLE BUCK, MCCASH, HARRINGTON, BEAVER, LOG, MARY, WHISKEY, JAKE, PANTHER, BUTLER, BILL, MOTT, WEST, WHITLOW, AUBREY, BEAR, GREEN, YETI, BESWICK, CHALK, LAVA, HOWARDS, SCOTT, PARK, JACKASS, MOFFETT, IRON GATE, HAMLIN, RIVER COMPLEX, NATCHEZ, SCARFACE, PICARD_4, JACK, CECIL, HAWKINSVILLE, COTTONWOOD, SHACKLEFORD, ALEX, RIDGE, PONY, HOLLOW, ANTHONY MILNE, KUCK, THOMPSON, REYNOLDS, LOUIE, JENNY 2-3, HAMBONE, MINER, CRAGGY, MCKINNEY, MUSTANG, SODA, ELIZA, KELSEY, INDIAN WELLS, GRENADA, RIVER, TROUT, TENNANT, BROWNELL, NORTH, DENNIS, WEED, MILITARY, BLUE, BAILEY, RED 3-1, PATRICIA, 97, HARRIS, HILT, BELL, STEAMBOAT, HELLO, POINT, BADGER, CANTERA, REFUGE, PLEASANT, LOWER, FRANKLIN, FRANK, CRAM, MEAMBER, TOWNSEND, FOX, KIDDER 2, DORRIS, KLAMATH, REDROCK, JUNIPER, GOFF, TITUS, ONION, GRADE, DEER ONE, GRIZZLY, OREGON GULCH, SALMON COMPLEX, ORR, MILL, REDSPOT, DEVIL, GUYS, LIME, KLAMATHON, PETERSBURG, JOYLAND, DANDY, EDGEWOOD, MARBLE, OAKWOOD, KEMPER, APACHE, LAKIN, HART, COYOTE, ELK, HORNBROOK, TREE, WILDERNESS, APSUUN, SHELL, CARIBOU, DEEP, GREENTHIN, SAND FLAT, IRONGATE, LIBERTY, JADE, YELLOW, DILLON, MARTIN, GAP, GOULD, LEEF, HEADWATER, PICARD_3, JACKSON, BURNEY, SHULMEYER, TIMS, SHASTA, LIGHTHILL, WILLOW, FOURTH, MODOC, MERRILL, COMSTOCK, BARR, WHITES, KILLGORE, NOYES 1-14, PICARD_5, LUMGREY, PICARD_1, PERCH, MEISS, CALDWELL, ROCKY, RAILROAD, EASTMAN, OWENS, PATTERSON, GEORGE, STATELINE, WALLOW, SIMS, ANTELOPE, DARK, GAZELLE, LITTLE DEER, BAR, FIVEMILE, TABLE, SLINKARD, ORDWAY, CRAPO, SMOKEY, CLAIRE, KANGAROO, HILL, CALLAHAN, PICARD_2, ISLAND, DESAVADO, MONTAGUE, BLACK, SPRING, PRARIE, LITTLE SODA, COMMUNITY, COVE, LITTLE MARBLE, ETNA, CEDAR, SLOUGH, COUGAR, RANCH, MEADOW, YORK, 3-20, OKLAHOMA, AIRPORT, AGER, DUTCH, GARDEN, EMPIRE, WATER, RED, EASY, CAREY, MOUNTAIN, MCADAMS, ENGLISH, DAVIS, LICHENS, TAMARACK, RED SALMON COMPLEX, THREE, SCHOOLHOUSE, HIDDEN",322
Solano,"TIMM, WILD, SEARS, I-80 LYNCH, TOLL, KIRKLAND, GIBSON, SHADY, LOPEZ, NELSON, OLIVE, PUTAH, WRAGG, ATLAS, NORMAN, QUAIL, TWIN, ROCKVILLE, ACACIA, ESTATE, OAK 2, PARISH, HENNESSEY, AMERICAN, PLEASANTS, BEACON, DIGGER/QUAIL",28
Sonoma,"GROVE, ALPINE, WALBRIDGE, MILL, NIESTRATH, YOUNG, LAKEVILLE, ARROW, BODEGA, PRESSLEY, CRANE, CREEK, KINCADE, CLOVERDALE, SAWMILL, POCKET, BOHAN, FORT, SODA, MCCABE, STONY, PADDOCK, REDWOOD, STAGE, DUTCHER, LYTTON, CHABLIS, SPRING, PINE, DREAM, GRANGE, MIDDLE, INDEPENDENCE, NUNS, CLOVER, CALPINE, YELLOW, ANNAPOLIS, VALLEY, 37, COLEMAN, POINT, TUBBS, TAR, SPRINGS, WILSON, ROBLAR, WEST, OLD, GLASS, GEYSERS, MOUNTAIN, MEYERS, 13-1, MADRONA, MARTINONI, TAYLOR, MUNIZ, CEMENT, SIERRA, URSULINE",72
Stanislaus,"BECKWITH, WAVERLY, KENNEDY, ORANGE, CLARIBEL, ROCK, MUSTANG, WARNERVILLE, SONORA, BULLHEAD, CRABTREE, VALENTE, RIVER, CASJR STRINGER, 132, MILE, MAZE, WILMS, FLOTO, STUHR, COOPERSTOWN, CA-WSF-22000274 GRAYSON, DORSEY, DIABLO, SCU COMPLEX, MILTON_2, MILTON, BRIDGE, RODDEN, LAKE, CERRITOS, WILLMS, EASTMAN, CANYON, CARTER",42
Sutter,"RIVERBOTTOM, BUTTE, LOCUST, LEVEE, ISLAND, SANKEY, SUTTER, SOUTH RIDGE, WEST BUTTE, BUTTE_2, BASELINE, MYRNA, RIEGO, WEST BUTTE FIRE",16
Tehama,"OAK, FORK, ADAMS, ZOGG, HARVEY, DIAMOND, WINDY, DALE, HOAG 2, SUN, WHISKEY, PANTHER, LINKS, 2-26, PASKENTA, RIDGE, MCFARLAND, CAMPBELL, SODA, RAWSON, TULARE, LANE, TEHAMA, DIXIE, BOSWELL, CAMINO, POINT, TEDOC, NORTH PASS, ONION, LARIAT, CANNON, CREEKSIDE, SALE, SIESTA, RANCHO, MILL, RED BANK, SOUTH, BAKER, RAINBOW, NOBLE, FORWARD, OAKRIDGE, BTU LIGHTNING COMPLEX, BOLLA, DEER, CUB, BEEGUM, SLIDES, PONDEROSA, YELLOW, VINEGAR, BUCK, GORGE, VALLEY, WILSON, SMITH, HOG, 2-30, STUMP, APPLE, BUTTE, ANTELOPE, 36, GRAHAM, FLORES, AUGUST COMPLEX, DUNFIELD, TRUCKEE, BLACK, SPRING, JELLY, DAIRY, SYD, RANCH, RED, COLYEAR, IRON, STOLL, THOMES",93
Trinity,"RUTH DAM, PICKETT, PANTHER BASIN, BULL, H. RANCH, MILLER, CREEK, WILLIE, FORK, PINE 1-44, HENTHORNE, PEAK, CAMP, MINERS, SWIFT, BONANZA, DUTCHMAN, PINE, BEAR WALLOW, LOOK, LASSICS, MARY, EAGLE, BULLY, PANTHER, OREGON, PELLETREAU, WEST, ZIEGLER, LOST CREEK, DOG, VAN DUZEN, RIVER COMPLEX, HALF, DEERLICK FIRE, SPRINGER, WILD, BLUFORD 1-55, LOMA, MCFARLAND, NIELSON, TRAVIS 1, CAMPBELL, HAPPY, STUARTS, PATTISON, JOHNSON, SHIELL, GRANITE, FUELS, HOBO, STAFFORD, DELTA, PROSPECT, CASTLE, TANGLE, BLUE, HELL'S HALF, LITTLE, JONES, DAILEY, DEMOCRAT, JAKES, BROWN, SECRET, LOWER, COFFEE, TRAVIS, CHINA, SADDLE, MAXWELL, LONG, GRIZZLY, STEWART, CASOOSE CREEK, RAMSHORN, BURNT, SWIM, GRASSY CREEK, DEEP #1, DEADSHOT FIRE, TROUGH #1, CORRAL, 5-9, HAYNES, MILL, REDSPOT, VAN HORN, CAPTAIN, LIME, BOTTOM, GILEAD, CLARK, RASPBERRY, GROUSE, EAST, CARR, CARIBOU, DEER, ROAD, CUTTHROAT, SANDY, YELLOW, VINEGAR, IRONSIDE, BUCK, HALSEY, RIVERS, RUTH, MONUMENT, OLSEN, WATERSPOUT #1, FISHER, GRAPE, RAIL, HYAMPOM, KERLIN, DENNY, DEDRICK, BAR, TRINITY, GROVES, BUCKHORN, AUGUST COMPLEX, DYER, COFFIN, BARNEY, RAYS, BIERCE, ISLAND, LASSIC, SPRING, SLIDE, TEXAS, MIDDLE, HITCHCOCK, LOWER FIRE, FLAT, MOON, TELEPHONE, CEDAR, LT-17(BACKBONE), MEADOW, SOUTH FORK, YORK, HELENA, INDIAN VALLEY, CASTLE 1, GARDEN, BOULDER, CAREY, MOUNTAIN, TRAVIS 3, BLAKE, IRON, RED SALMON COMPLEX, MADDOX LAKE #3, GOBBLER, CANYON, BIG FOOT, HIDDEN",179
Tulare,"KONDA 3, LIGHTNING 3, BULL, MOSES, CREEK, CHURCH, ESHOM, TULE, PIXLEY 2, PEAK, STOKES 2, FAIRVEW, WILLOW CREEK, REDWOOD, WINDY, ROADRUNNER, HORSE, GIBBON, FISH CREEK, LION, KONDA 2, YUCCA, BLOOM, BALD, TRAIL, DINELY, HOGBACK, WALKERS, SUMMIT, GREY, ROUGH, WHITE RIVER, MAIN, NETTLE, SKAGWAY FIRE, RODEO, SODA, GRANITE, POWER, MOUNTAINEER, PIXLEY, MUD SPRINGS, CASTLE, MAGGIE, MARMOT, CURVE, ALDER, HOCKETT FIRE, MARVIN, MORAINE, BRODER, BALL MOUNTAIN, LIGHTNING 1, WISHON, SPRINGS, COFFEE, HONEY BEE, WIGGELL, FOUNTAIN, INDIAN, GRADE, TRUBLOOD 2, CORRAL, DENNISON, ALLENSWORTH, JORDAN, TRIPLE FIRE, CAHOON, RIVER_7, TURKEY TRACT, CENTER PEAK, SUCCESS 2, BIG FIVE, ELK, STAIRS, RATTLESNAKE, GROUSE, ROUND VALLEY 1, CRYSTAL CAVE, LOST GROVE, KONDA 4, ALPAUGH, FORKS, ELEPHANT 2, GOLDEN, NEEDLES, SLIDES, CLOVER, TENNESSEE, WOOD, QEUDOW, SCHAEFFER, TRACK, LOST, POTHOLES, WILLOW, MEHRTEN, ROWELL, LIGHTNING 2, CREEK_4, THARPS, PIER, SHOTGUN, KERN, SLATE, GEORGE, ROUND VALLEY 2, TRUBLOOD 1, KNP Complex, EDEN, BALES, CHIMNEY, ROCK, ALPAUGH 2, HAWK, CABIN SEQ, STAGE, ANGORA, TURKEY, BUZZARD, GIANT, HORSE CREEK, CANE, CEDAR, MEADOW, JACOBSON, WILLOWS, FISH, CHAGOOPA, COW, CANAL, MOUNTAIN, HIDDEN",149
Tuolumne,"WOODS, TILTILL, DOUBLE ROCK, COTTON, TULLOCH, JAY, LAGRANGE, CREEK, RUSHING, HAZEL, PUNCH, ASPEN, OTAY - 3, SNOW, WILDCAT, AULIN, SERPENTINE, SLOPE, LINE, COLDSPRINGS, GRUB, ELBOW, BLUEJAY, QUARTER, STONY GULCH, MORRISON, BALD, LUKENS NORTH, DOME ROCK, RANCHERIA, EARLY, WAPAMA, CATHEDRAL, JACK, RIM, COTTONWOOD, RIDGE, RAMSEY, LOOKOUT, HOLLOW, ABERNATHY, GROUNDHOG, MURPHY, GIBSON, LECONTE, JACKSONVILLE, SODA, POWER, UNICORN, BUMMER, BIG CREEK, BLUE, WHITE CASCADE, BENSON PASS, BELL, NORTH MTN, MCSWAIN, PILOT, BUMMERS, MOC, FERGUSON, SLATE 2, PRESTON, LUKENS, EVELYN, COLD, SIESTA, PATE, WOLFE, MURPHYS, WASHINGTON, CLAVEY, HOBART, DOUGLAS, LEMBERT, SNOW PEAK, TWIST, DEEP, YOSEMITE, SOURGRASS, WHEATS, VERNON, PERRICONE, ROSASCO, LOST, LA GRANGE, WILLOW, DONNELL, RESERVOIR, FRENCH, FALLS, SMITH, MARSHES, NORTH WHIZZ DOME, GIN, PINECREST, STAND BY, LYELL, HARDEN, GAYLOR, WOLF, 13, ELEANOR, TABLE, CRANE, GRAHAM, ROCK, MYSTERY, SMOKEY, ARMARIO, SEVEN, OAK FLAT, WILDCAT2, GRANT, RICHARDSON, MIDDLE, ACKERSON, FLAT, KNIGHT, COUNTY LINE, RODGERS, TWIN, MCCORMICK, RED, TWO MILE, TAMARACK, POTTER, ZAMORA",149
Ventura,"HUNGRY, BURSON, VINTAGE, CONEJO GRADE 1, GOODENOUGH, PECK, DITCH, ELIZABETH, HOWARD 2, GRIMES, BROOK, PEAK, FORK, RUNNER, DEER CREEK, COUNTRY, ADAMS, SHARP, POTRERO 2, SUNSET, SANCTUARY, CANADA, ROADRUNNER, PINE, VALLEY FIRE, KITTRIDGE, CHAMBERS, CAMARILLO SPRINGS, PACIFIC, KUEHNER 2, PALMA, SESNON, SURF, SOLIMAR, UNNAMED, SCALES, BROOKS, LYNN, PRINCETON, GRANDE, WHEELER, HOLSER, MONTVIEW, LOMA, KNOLL, COCHRAN, WENDY, GRAND, SOUTH MOUNTAIN, MAIN, OLIVAS, CANYON, JOHNSON, BALCOM, GUIBERSON, RIVER, STAFFORD, SULPHUR, HAPPY CAMP, WOOLSEY, ROLLING, MARIA, CONDOR, BLUE, LUNA, HOWARD, MCWANE, PERKIN, TINTA, LOCKWOOD, SPRINGS, FOOTHILL, RANCHO CONEJO, VICTORIA, WESTWOOD, COLLINS, OJAI, ANA, PEKING, ERRINGER, RUSTIC, GRADE, PERKINS, COAST, TORREY, TELEGRAPH, CORRAL, RANCHO, VIRGINIA, SAGE, CRESTVIEW, HARBOR, LIME, YELLOW HILL, SOUTH, LIBBEY, RYE, MADERA, APACHE, COYOTE, SNAIL, TAPO, TREE, BANNISTER, SHELL, HOPPER, THOMAS, YOSEMITE, SCHOOL
SCHOOL, MEDIO, STEARNS, BRIGGS, HAMPSHIRE, DUNES, PALM, SHERWOOD, LEWIS, CHORRO, CAMARILLO, OLSEN, ROCKY, CAMBRIDGE, DOUGH, TOLAND, CAMPUS, MADERA 2, BRISTOL, SKYLINE, CENTER, BROMLEY, LARGO, BARDSDALE, CONEJO, GRIDLEY, FARIA, CORONADO, MOUNT SINAI, OCEAN, LEMON, HILL, BALDWIN, YELLOWJACKET, OAK FLAT, LA JOLLA, EDISON, FAIRVIEW, NO NAME, MOON, ALIZIA, VISTA, RANCH, KUEHNER, ROBLAR, LAURIE, CASITAS, RED, ERBES, EASY, ARROYO, BEACH, OZENA, MOORPARK, POTRERO, HIDDEN",221
Yolo,"CACHE, EIGHTY EIGHT, CREEK, RUMSEY, WINTER, PUTAH, DUNNIGAN, SAND, WRAGG, LAMB, SIXTEEN COMPLEX, HEATHER, CREEK WEST, COUNTY, FOREST, SALT, 85, COUNTY ROAD 2, JERUSALEM, HENNESSEY, MADISON, MONTICELLO, MOODY, ROCKY, 31, ESPARTO, COLD",30
Yuba,"WALDO, FRANCIS, GRASS VALLEY, KRISTA, SPENCE, COOK, FRENCHTOWN, JOINES, COLUMBIA, REEDY, BAYBERRY, GOLD, GLEN, 22ND, FIELDS, BROADWAY, BULLARDS INCIDENT, RIFLE, BROADWAY NORTH COMPLEX, SCOTT, MELANESE, RAMIREZ, LOMA, STAR BEND, BULLARDS, RIVER, BROPHY, FINLEY, BEALE2, GRAND INCIDENT, RICES, BEALE, PLANTZ, KIBBIE, FAR, DANTONI, BRANDIE, COLLINS, FOUNTAIN, RANCHO, SMARTSVILLE, THORNTREE, BEALE ESCAPE, BAKER, FORBESTOWN, DOUGLAS, LEVEE, DOBBINS INCIDENT, NISEMAN, MYRNA, WALDO2, GOLDEN, MORRISON INCIDENT, VALLEY, WILLOW, MONUMENT, COUNTY, DOOLITTLE, CASCADE, PAVE PAWS, CHUCK, APPLE, IOWA, JASPER, SPENCEVILLE, BAR, YUBA, WINDING, HAMMONTON, HILL, ISLAND, MCGANNEY, INTANKO, TWENTY, SPRING, SIMPSON, QUAIL, RANGE, WILLOWS, LOMA FIRE, GARDEN, YEAGER INCIDENT, WALKER, SMARTVILLE",112
